{"test_loss": 1.029947280883789, "test_accuracy": 0.5666666626930237, "history_accuracy": [0.2956989109516144, 0.3198924660682678, 0.3629032373428345, 0.4121863842010498, 0.43906810879707336, 0.46863800287246704, 0.46415770053863525, 0.4865591526031494, 0.5125448107719421, 0.5286738276481628, 0.5421146750450134, 0.5689964294433594, 0.5645161271095276, 0.5645161271095276, 0.5967742204666138, 0.5913978219032288, 0.5878136157989502, 0.6254480481147766, 0.6281362175941467, 0.6218637824058533], "history_val_accuracy": [0.37704917788505554, 0.3893442749977112, 0.44262295961380005, 0.4959016442298889, 0.5040983557701111, 0.4836065471172333, 0.5122950673103333, 0.5245901346206665, 0.5245901346206665, 0.5245901346206665, 0.5245901346206665, 0.5368852615356445, 0.5573770403862, 0.5450819730758667, 0.5450819730758667, 0.5368852615356445, 0.5819672346115112, 0.5409836173057556, 0.561475396156311, 0.5819672346115112], "history_loss": [1.793656349182129, 1.354967474937439, 1.323805570602417, 1.2710202932357788, 1.224079966545105, 1.1756271123886108, 1.1651487350463867, 1.1230425834655762, 1.0906928777694702, 1.065796136856079, 1.0490622520446777, 1.0109694004058838, 1.0002645254135132, 0.9810516238212585, 0.9481137990951538, 0.958423376083374, 0.929675817489624, 0.8886779546737671, 0.8701245188713074, 0.8795496225357056], "history_val_loss": [1.3302377462387085, 1.3136967420578003, 1.248401403427124, 1.1967283487319946, 1.181929349899292, 1.1600817441940308, 1.1376965045928955, 1.139227032661438, 1.127987027168274, 1.0935200452804565, 1.071097731590271, 1.0563907623291016, 1.0429023504257202, 1.0522640943527222, 1.102225661277771, 1.044533371925354, 1.0286107063293457, 1.0470249652862549, 1.0556575059890747, 1.0126672983169556]}